id,username,fullname,emails,fbPage,externalUrl,biography,followedBy,follows,isPrivate,isVerified,isBusinessAccount,businessCategory,businessEmail,businessPhone,businessAddressStreet,businessAddressZipcode,businessAddressCity,businessAddressRegion,businessAddressCountryCode,hashtags
5734709815,tasteititalian,Taste IT,,,https://m.facebook.com/TasteItitaliantakeaway/,"â€¼ï¸The first independent Italian Gelateria in Greater Manchester â€¼ï¸
Stonebaked pizza ğŸ• artisan gelato ğŸ¦ baked pasta ğŸ tasty arancini.",430,146,0,0,1,Restaurants,tasteitsalford@gmail.com,441616980410,69 BLACKFRIARS ROAD,M3 7DB,City of Salford,,GB,pizzauk
3667203339,mobipizzeria,ğŸ‡®ğŸ‡¹Mobile Wood Fired PizzağŸ‡¬ğŸ‡§,,,https://www.facebook.com/mobipizzeria/,"Mobile pop-up wood fired pizza UK-wide.
We cater for weddings, corporate events, private parties, birthdays, festivals, concerts, fetes, and many more",7486,3492,0,0,1,Restaurants,info@mobipizzeria.co.uk,443300100270,,SG191RB,St Neots,,GB,pizzauk
2986836082,zialuciapizza,Zia Lucia,,,http://www.zialucia.com/,Genuine pizza serving 4 types of 48h slow risen doughs. Both Pizzerias voted Best Local Restaurant on Time-Out AwardsğŸ•157 Holloway Rd & 61 Blythe Rd,2466,89,0,0,1,Restaurants,info@zialucia.com,442077003708,61 Blythe Road,W14 0HP,"London, United Kingdom",,GB,londonpizza
1177083393,thealma_n1,The Alma N1,,,http://www.TheAlmaPubN1.com/,"@TimeOutLondon Pub Of The Year,LGBTQ Award ğŸ³ï¸â€ğŸŒˆBest Late Night Local #islington #Hackney Craft ğŸ»Pub FoodğŸ´QuizğŸ¤“Live MusicğŸ»SportğŸ…DJs ğŸ§02072263531",6953,7492,0,0,1,Restaurants,info@thealmapubn1.com,442072263531,59 Newington Green Road,N1  4QU,"London, United Kingdom",,GB,londonpizza
1577068533,bebe_pizza,BEBE,,,,Fresh local pizza 7 days a week. ğŸ•ğŸ¥—ğŸ¨ğŸ·Come and meet our new chef! ğŸ¾ğŸ»,707,523,0,0,1,Restaurants,info@bebebebe.co.uk,442030210747,158 Sandringham Road,E8 2HS,"London, United Kingdom",,GB,londonpizza
3671449544,spaccanapolicolindale,Spaccanapoli Restaurant,,,http://www.spaccanapolilondon.co.uk/,"Bringing to London the best of Napoli ğŸ‡®ğŸ‡¹
Quality and authenticity using all fresh ingredients from Italy ğŸ
Order now from Uber eats & Deliveroo ğŸ›µ",666,567,0,0,1,Restaurants,colindale.spaccanapoli@gmail.com,442082055514,"5, Charcot Road",NW9 5HG,"London, United Kingdom",,GB,londonpizza
4614666125,codadivolpeealing,codadivolpeealing,,,http://www.codadivolpe.london/,Italian Coda Di Volpe pizzeria serving pizza with a twist- enjoy the difference.,230,336,0,0,1,Restaurants,info@codadivolpe.london,442036092007,44 The Mall,W53TJ,"London, United Kingdom",,GB,londonpizza
2104540252,officialcafepacifico,Cafe Pacifico âš“ï¸,,,https://www.cafe-pacifico.com/,"The first Mexican restaurant in London
Est. 1982 ğŸŒµ ğŸŒ® ğŸ¸
Winner of #BestMargarita in #London 2017 & 2018
Use #CafePacifico for a chance to be feature",1570,1307,0,0,1,Restaurants,info@cafe-pacifico.com,442073797728,5 Langley Street,WC2H 9JA,"London, United Kingdom",,GB,londonrestaurant
1105453412,avenuestjames,Avenue Restaurant,,,https://www.avenue-restaurant.co.uk/,"Elegant modern restaurant offering..
 ğŸ½ An American inspired menu 
 ğŸ¥ƒ Classic cocktails
 ğŸ¥ All American Weekend Brunch
 ğŸ“Mayfair - London",4757,3709,0,0,1,Restaurants,avenuereservations@danddlondon.com,442073212111,7-9 St James's Street,SW1A 1EE,"London, United Kingdom",,GB,londonrestaurant
1482323835,cinnamonculture,Cinnamon Culture,,,http://www.cinnamonculture.com/,"Passionate about good Indian food & keen to share it with you ğŸ½ï¸ğŸ»
Check out our catering arm @saffron_culture for all your party needs.",548,311,0,0,1,Restaurants,info@cinnamonculture.com,442082890322,46 Plaistow Lane,BR1 3PA,"London, United Kingdom",,GB,londonrestaurant
8427674210,gridironlondon,Gridiron,,,http://www.gridironlondon.com/,"A live-fire grill restaurant that celebrates seasonal, ethically sourced ingredients cooked over wood and charcoal @comometlondon.",611,19,0,0,1,Restaurants,reservations@gridironlondon.com,442074474115,19 Old Park Lane,W1K 1LB,"London, United Kingdom",,GB,londonrestaurant
434618156,piedaterrerestaurant,Pied Ã  Terre,,,http://www.pied-a-terre.co.uk/,Michelin star restaurant in London serving elegant cuisine for 25 years. Head Chef @asimakis #piedaterrerestaurant,5722,71,0,0,1,Restaurants,reservations@pied-a-terre.co.uk,442076361178,34 Charlotte Street,W1T 2NH,"London, United Kingdom",,GB,londonrestaurant
4850548032,kibele.london,Kibele London,,,http://www.kibele.co.uk/,Kibele Restaurant & Bar / Located in the heart of Great Portland street / Turkish and Mediterranean Cuisine / Signature cocktails.       02074360600,1586,1824,0,0,1,Restaurants,reservation@kibelerestaurant.com,442074360600,175-177 Great Portland Street,W1W 5PJ,"London, United Kingdom",,GB,londonrestaurant
4519263957,lsqkitchen,Leicester Square Kitchen,,,http://bit.ly/2Apsj4e,An exquisite selection of contemporary Mexican and Peruvian small plates in the heart of Londonâ€™s most iconic square #LeicesterSquareKitchen,2133,1348,0,0,1,Restaurants,socialmedia@leicestersquarekitchen.co.uk,,31-36 Leicester Square,WC2H 7LH,"London, United Kingdom",,GB,londonrestaurants
1288417481,testirestaurant,Testi,,,https://www.testirestaurant.co.uk/booking,"â€˜Most Highly Recommended Kebab Restaurant in North & West Londonâ€™ 2018 ğŸ†
Where the Meat lovers ğŸ– and the VeggiesğŸŒ± UNITE!
Monday-Sunday: 12pm - 1am",4111,427,0,0,1,Restaurants,huseyin.u@hotmail.co.uk,442072497151,38 Stoke Newington High Street,N16 7PL,"London, United Kingdom",,GB,londonrestaurants
5814890502,theotheristbar,The Otherist,,,http://www.theotheristbar.co.uk/,"All-day dining bar & restaurant in the heart of the City in Old Broad Street. Cocktails, craft beer & wine and gorgeous food. Open Monday to Friday.",255,456,0,0,1,Restaurants,info@theotherist.co.uk,442076389308,111 Old Broad Street,EC2N 1AP,"London, United Kingdom",,GB,londonrestaurants
8006360336,mimiscafebistro,Mimi's Cafe & Bistro,,,https://mimiscafebistro.co.uk/,"A French & Mediterranean inspired CafÃ© & Bistro serving fresh seasonal dishes. ğŸ½ğŸ¹
Located in Muswell Hill 
Twitter: @MimiBistro",151,73,0,0,1,Restaurants,hello@mimislondon.co.uk,,138 Fortis Green Rd,N10 3DU,"London, United Kingdom",,GB,londonrestaurants
379210831,ametsaarzak,Ametsa with Arzak Instruction,,,http://comohotels.com/thehalkin/dining/ametsa,Ametsa with Arzak Instruction at COMO The Halkin is a modern Spanish restaurant in London's Belgravia district.,4283,1548,0,0,1,Restaurants,ametsa.thehalkin@comohotels.com,442073331234,5 Halkin St,SW1X 7DJ,"London, United Kingdom",,GB,londonrestaurants
357042870,bigmoesdiner,â€¢ Big Moe's Diner â€¢,,,http://bigmoesdiner.co.uk/,"The Authentic 50â€™s American Diner 
â€¢ Breakfast ğŸ¥ â€¢ Lunch ğŸ” â€¢ Dinner ğŸ½
ğŸ‡¬ğŸ‡§ Branches in Beckton, Aldgate and Wembley",8225,762,0,0,1,Restaurants,info@bigmoesdiner.co.uk,442030267420,"Unit 96, Level 2 London Designer Outlet",HA90FD,"Wembley, Brent, United Kingdom",,GB,londonrestaurants
1400472210,zeyaras,ZEYARA,,,http://www.zeyara.co.uk/,"â€ªâ€¢ OPENING HOURS â€¢â€¬
Sunday - Thursday: 4pm till 12.30am
Friday - Saturday: 4pm till 2am",14769,4590,0,0,1,Restaurants,info@zeyara.co.uk,442085513363,36 Woodford Avenue,IG2 6X,"Ilford, Redbridge, United Kingdom",,GB,londonrestaurants
2136887421,clerkenwellsoc,Clerkenwell & Social,,,https://www.clerkenwellandsocial.com/,"ğŸ¸ Cocktail Bar in Farringdon
ğŸ¸2 Floors & a Terrace 
ğŸ¸Specialised Infused Spirits 
ğŸ¸Pizzas & Private hire",769,471,0,0,1,Restaurants,info@clerkenwellandsocial.com,442076082117,2-5 St Johns Square,EC1M 4DE,"London, United Kingdom",,GB,londonfood
1182143188,novarestaurant,Nova Heswall,,,http://www.novarestaurant.co.uk/,"English restaurant with modern twist. 
Call 0151-342-9959 to book",5875,310,0,0,1,Restaurants,info@novarestaurant.co.uk,441513429959,68 Pensby Road,CH60 7RE,Heswall,,GB,ukfood
8500359580,tribeca_huddersfield,Tribeca Huddersfield,,,https://tribecahuddersfield.co.uk/,"Gourmet Burger, Champagne & Gin Bar in Westgate, Huddersfield. Share your TriBeCa experience and tag @tribecca_huddersfield #tribeccahudds ğŸ” ğŸ¥‚ ğŸ¸",62,16,0,0,1,Restaurants,info@tribecahuddersfield.co.uk,,26 Westgate,HD11ND,Huddersfield,,GB,ukfood
7330795164,japes_uk,Japes,,,http://www.japes.uk/,"New place in Soho! ğŸ“£
milkshakes â€¢ hardshakes â€¢ cocktails â€¢ coffee ğŸ¹ğŸ¸ğŸ»ğŸ·â˜•
Delicious, mouthwatering homemade #Waffles & #Crepes
Taste the joy!",1659,670,0,0,1,Restaurants,contact@japes.uk,,22-25 Dean Street,W1D 3RY,"London, United Kingdom",,GB,ukfood
2076830625,freshmexuk,FreshMex,,,http://www.freshmex.co.uk/,"Award-winning TexMex street food
ğŸŒ¯ ğŸŒ® ğŸ” ğŸŸ ğŸ¥‘ ğŸ… ğŸŒ¶ 
ğŸ“FreshMex, 55 Schoolhill, Aberdeen
ğŸ»Food Residency @theadams_aberdeen
ğŸš´ @deliveroo
Est. 2015",2313,48,0,0,1,Restaurants,info@freshmex.co.uk,447468417000,55 Schoolhill,AB10 1JT,Aberdeen,,GB,ukfood
2339327348,mpwislington,Marco Pierre White Islington,,,http://www.mpwrestaurants.co.uk/islington,,123,181,0,0,1,Restaurants,info@mpwsteakhouseislington.com,442072825300,60 Pentonville Road,N1 9LA,"London, United Kingdom",,GB,londonfood
6760993788,stagnw3,The Stag - Belsize Park,,,http://www.thestagnw3.com/,"North London pub with 24 taps of beer, seasonal fresh food, private room, roof terrace, a great beer garden. Older broâ€™ of @themallw8 #londonpub",647,582,0,0,1,Restaurants,thestag@londonpubs.com,442077222646,67 Fleet Road,NW3 2QU,"London, United Kingdom",,GB,londonfood
537602266,eightovereight,Eight Over Eight,,,http://www.rickerrestaurants.com/eight-over-eight/,Chic Pan-Asian restaurant on Kings Road â€¢ Tag us #eightovereight,2742,508,0,0,1,Restaurants,eightovereight@rickerrestaurants.com,442073499934,392 Kings Road,SW3 5UZ,"London, United Kingdom",,GB,londonfood
6167417975,proseccohouse,Prosecco House,jennifer@jamspr.com,,https://www.designmynight.com/london/bars/central-london/prosecco-house/meet-the-maker-series-1?t=tickets,"ğŸ¾LONDONâ€™S FIRST PROSECCO BAR. 
ğŸ—Media enquiries - @jams_pr 
ğŸ“§jennifer@jamspr.com
ğŸ“±Social media - @we.are.memo 
ğŸ¥‚Meet The Maker tickets below! ğŸ¥‚",4112,2584,0,0,1,Restaurants,info@proseccohouse.com,442030341718,"Prosecco House, One Tower Bridge, 1 Crown Square",SE1 2SE,"London, United Kingdom",,GB,ukfood
2261403057,farmyardrestaurant,Farmyard Restaurant,,,https://www.farmyardrestaurant.com/,Norwich based 'Bistronomy' style eatery; A mash up of a relaxed 'bistro' but using the same high quality produce as top notch fine dining gaffs.,2358,1106,0,0,1,Restaurants,andrew@farmyardrestaurant.com,441603733188,23 st benedicts street,NR2 4PF,"Norwich, Norfolk",,GB,ukfood
339316189,bar_remo,Bar Remo,,,http://barremo.me/,"Family-run by the Vignali family for over 90 years, we pride ourselves on a warm and friendly welcome to all of our customers",853,1656,0,0,1,Restaurants,barremo1@me.com,447711068669,Bar Remo 2 princes street London ,W1b2lb,"London, United Kingdom",,GB,londonfood
1538399243,tsunami_restaurants,Tsunami Japanese Restaurant,clapham@tsunamirestaurant.co.uk,,http://www.tsunamiclapham.co.uk/,"ğŸ¥¢Japanese restaurant and cocktail bar
âœ‰ï¸clapham@tsunamirestaurant.co.uk
ğŸ“ Phone: 020 7978 1610 ğŸš˜ Delivery: 020 7720 2922
ğŸ“· Tag us @tsunami_restaurants",1596,568,0,0,1,Restaurants,clapham@tsunamirestaurant.co.uk,442079781610,5-7 Voltaire Road,SW4 6DQ,"London, United Kingdom",,GB,londonfood
1258482927,stokehouse,Stoke House,,,http://www.thestokehouse.com/,Cocktails | Smoked Meat | Feasting Menus | Sunday Roast | Lounge Bar | Terrace.,6182,545,0,0,1,Restaurants,sam@rickerrestaurants.com,442076301020,"Nova Building 81, Buckingham Palace Rd, SW1W 0AJ",SW10 0,"London, United Kingdom",,GB,londonfood
2279718767,casamanolouk,ğŸ– Casa Manolo,,,http://bit.ly/CMJobOpportunity,"Iberian ham, tapas & wines shop/restaurant in #London
ğŸ“Putney 
ğŸ“Clapham Junction
ğŸ“Angel
ğŸ“Strand
ğŸ“Chelsea
Share with #LoveCasaManolo to get featured!",8182,1633,0,0,1,Restaurants,info@casa-manolo.co.uk,442073521215,Shop and restaurant addresses on: www.casa-manolo.co.uk,SW3 5EB,"London, United Kingdom",,GB,londonfood
6215289640,dapperdoghotdogs,Dapper Dogs - Gourmet Hot Dogs,,,http://www.dapperdoghotdogs.com/,"ğŸŒ­ Higher-Welfare Gourmet Sausages 
ğŸ˜ Quality Toppings & Artisan Buns
ğŸŒ Inspired by Global Cuisines
ğŸŒ± Handmade Vegan Dogs 
â˜ï¸ Follow us / Hire usğŸ‡¬ğŸ‡§",1036,499,0,0,1,Restaurants,info@dapperdoghotdogs.com,447557077157,"Private Events, Street Food Markets, Festivals and in and around",AL12AY,"London, United Kingdom",,GB,ukfood
5749807299,rumpusburger,Rumpus,,,http://rumpusburgers.co.uk/,"Artisan burger Restaurant using local longhorn cattle reared on our own farm right here in Slaithwaite, West Yorkshire",2173,997,0,0,1,Restaurants,hello@rumpusburgers.co.uk,441484841979,7 Church Street,HD7 5AS,Slaithwaite,,GB,ukfood
4186124882,theploughlangley,The Plough Langley,,,http://www.theploughlangley.co.uk/,"Gastro pub nestled in the heart of Kent. Owned by prestigious chef David Marshall, serving the finest quality locally sourced fresh produce.",209,160,0,0,1,Restaurants,theploughlangley@gmail.com,441622842555,Sutton Road,ME17 3LX,"Maidstone, Kent",,GB,ukfood
2274277582,elmparktavern,The Elm Park Tavern,,,http://www.elmparktavern.co.uk/,"Cosy neighbourhood pub. Great food, brilliant drinks and massive smiles ğŸºğŸ”¥ğŸ»
Sibling pub of @thekingandco",450,62,0,0,1,Restaurants,hello@elmparktavern.co.uk,442086719823,76 Elm Park,SW2 2UB,"London, United Kingdom",,GB,londonfood
6439262168,the_pizza_room_surrey_quays,ThePizzaRoomSurreyQuays,,,http://www.thepizzaroom.co.uk/,Fb: The Pizza Room Surrey Quays,195,699,0,0,1,Restaurants,info@thepizzaroom.co.uk,447462114471,235-237 Lower Road,SE162LW,"London, United Kingdom",,GB,londonfood
1310609277,brunswickhse,Brunswick House,,,http://www.brunswickhouse.london/,All day produce-led Modern British restaurant in the crumbling glamour of an antique filled 18th Century mansion in Central LondonğŸ´#brunswickhouse,5925,2631,0,0,1,Restaurants,restaurant@brunswickhouse.london,442077202926,30 Wandsworth Road,SW8 2LG,"London, United Kingdom",,GB,londonfood
1695482730,michaelnadra,MICHAEL NADRA,,,http://restaurant-michaelnadra.co.uk/,"â€¢ Delicious dining in Primrose Hill & Chiswick
â€¢ Vegan friendly ğŸ„Taking Xmas bookings
ğŸ´Book online â†“",848,773,0,0,1,Restaurants,primrose@restaurant-michaelnadra.co.uk,442077222800,"42 Gloucester Ave, Primrose Hill",NW1 8JD,"London, United Kingdom",,GB,londonfood
5576875822,thegatsby_restaurant,The Gatsby Bar & Restaurant,,,http://bit.ly/TheGatsbyCompetition,Enter to win a meal for 4 at The Gatsby ğŸ‘‡,3683,7330,0,0,1,Restaurants,thegatsby@live.co.uk,441442870403,97 High Street,HP4 2DG,"Berkhamsted, Hertfordshire",,GB,londonrestaurants
5866631979,aleppogrill,Aleppo Grill,,,http://www.aleppogrill.co.uk/,Taste of the Authentic Mediterranean cuisine in London with typical Syrian and Lebanese food at Aleppo Grill.,1024,112,0,0,1,Restaurants,info@aleppogrill.co.uk,442084518818,18F High Road,NW10 2QD,"London, United Kingdom",,GB,londonrestaurants
1808192739,theroseldn,The Rose Public House,,,https://bit.ly/2wQ2Wqf,"Award winning independent neighbourhood pub. Home of the truffle burger and the best parmos in London.  
ğŸŒ±Vegan friendly 
ğŸ„Xmas booking ğŸ‘‡ğŸ»",282,261,0,0,1,Restaurants,info@therosepublichouse.co.uk,442074030168,123 Snowsfields,SE1 3ST,"London, United Kingdom",,GB,londonfood
4553498895,lovechikn,CHIK'N,,,http://chikn.com/,"ğŸ— Tasty chicken, good vibes
ğŸ… Time Out + Foodism best lists
ğŸ’¥ Banging sides and craft beers
ğŸ“ Baker Street. Open 7 days, 11am-late.",16052,2939,0,0,1,Restaurants,hello@chikn.com,,134 Baker Street,W1U 6SH,"London, United Kingdom",,GB,londonrestaurants
450266440,tibits_uk,tibits UK,,,https://bit.ly/2kUtznw,"ğŸ‡¬ğŸ‡§ Tibits UK
ğŸŒ± Plant-based // Vegetarian // Vegan
ğŸ’š Food that loves you back",5306,753,0,0,1,Restaurants,info@tibits.co.uk,442077584110,12-14 Heddon Street,W1B 4DA,"London, United Kingdom",,GB,londonrestaurants
2130440845,_littlesocial,Little Social,,,http://www.littlesocial.co.uk/,The best of British produce with a nod towards France. #JasonAtherton #restaurant in #Mayfair. #littlesocial,2987,62,0,0,1,Restaurants,reservations@littlesocial.co.uk,442078703730,5 Pollen Street,W1S 1PL,"London, United Kingdom",,GB,londonrestaurants
1506568339,pollen_street_social,Pollen Street Social,,,https://www.waterstones.com/win/pollen-street-prize-draw,"1 Michelin Star, 5 AA Rosettes, 9/10 Good Food Guide. Deformalised fine dining in Mayfair by @_jasonatherton",28457,875,0,0,1,Restaurants,reservations@pollenstreetsocial.com,442072907600,8-13 Pollen Street,W1S 1NA,"London, United Kingdom",,GB,londonrestaurants
1768968847,com_viet,Com Viet,,,http://www.comviet.co.uk/,All you need to know about Vietnamese Foods,217,299,0,0,1,Restaurants,info@comviet.co.uk,442074972779,2-4 Garrick Street,WC2E 9BH,"London, United Kingdom",,GB,londonrestaurants
8443082989,farzilondon,Farzi CafÃ© London,,,http://www.farzicafe.com/,Sensory and traditional Indian fine dining restaurant fused with the futuristic | Coming soon.,146,156,0,0,1,Restaurants,farzicafe@massiverestaurants.com,,8 Haymarket,SW1Y 4BP,"London, United Kingdom",,GB,londonrestaurants
6041260513,carobtreerestaurant,Carob Tree Restaurant,,,http://www.carobtreerestaurant.com/,"A contemporary dining place in Swains Lane, #London Offers wide selection of #Mediterranean cuisine. #Hampstead #Archway #KentishTown #Camden",436,1928,0,0,1,Restaurants,info@carobtreerestaurant.com,442072679880,15 Highgate Road,NW5 1QX,"London, United Kingdom",,GB,londonfood
7564228682,camden_lkf,Camden Lan Kwai Fong,,,,East Asia Kitchen & Bar | Digital Pong & Karaoke,389,112,0,0,1,Restaurants,camdenlkf@gmail.com,442074850588,27-28 Chalk Farm Road,NW1 8AG,"London, United Kingdom",,GB,londonfood
8310340407,mos_eggs,Mo's Eggs Pop-up,,,https://www.moseggs.co.uk/,From Damascus to London. Mohammed brings a #Syrian flavour to #brunch ğŸ³ Next pop up: Sunday 11 Nov / 9 Dec / 20 Jan BUY YOUR TICKETS HEREğŸ‘‡,684,470,0,0,1,Restaurants,moseggs@gmail.com,,,N19 5HU,"London, United Kingdom",,GB,londonrestaurants
9026124389,themeetlondon,The Meet,,,http://www.the-meet.co.uk/,"Claphamâ€™s first vegan pop up, serving up indulgent, plant-based comfort food & exclusively vegan cocktails.",674,178,0,0,1,Restaurants,hello@the-meet.co.uk,442033977475,15-16 Lendal Terrace,SW4 7UX,"London, United Kingdom",,GB,londonrestaurants
6981917612,chokhidhanilondon,Chokhi Dhani London,,,https://www.opentable.co.uk/r/chokhi-dhani-london,"Fine contemporary food, inspired by the flavours and dishes of the subcontinent",976,445,0,0,1,Restaurants,info@chokhidhani.co.uk,442037959000,"2 Riverlight Quay, Nine Elms Lane",SW11 8AW,"London, United Kingdom",,GB,londonrestaurants
8535990422,gammagammasoho,gammagammasoho,,,http://www.gammagamma.co.uk/,Gamma Gamma celebrates the flavour and colour of Asia and beyond. A unique tapas experience.,738,992,0,0,1,Restaurants,contactus@gammagamma.co.uk,442072873033,6 Greek Street Soho,w1d 4de,"London, United Kingdom",,GB,londonrestaurants
3226334261,laffairelondon,L'Affaire,,,https://www.laffairelondon.com/reservation.html,"Cocktail Bar | Brasserie | Party Venue | Beer Garden
Christmas & New Year party â€”> Book Now.
ğŸ“ Wandsworth, London
#laffairelondon",285,119,0,0,1,Restaurants,hello@laffairelondon.com,442086165510,134 Wandsworth High Street,SW18 4JP,"Wandsworth, Wandsworth, United Kingdom",,GB,londonrestaurants
8144400527,zelalondon,ZELA London,,,http://www.zelalondon.com/,"ğŸ¦‹ Where Japan meets the Mediterranean ğŸ¦‹
ZELA is the acclaimed restaurant, founder of the #MEPPONcuisine
ğŸ“ 336-337 Strand, London WC2R 1HA",26550,48,0,0,1,Restaurants,info.london@zelarestaurants.com,442080893981,336-337 Strand,WC2R 1HA,"London, United Kingdom",,GB,londonrestaurants
3165000910,lepetitsud,Le petit Sud,"events@lepetitsud.co.uk
info@lepetitsud.co.uk",,http://www.lepetitsud.co.uk/,"French Bistro & Wine Bar
1 Palace Gate, W8 5LS, London
ğŸ“02075890030ğŸ“§info@lepetitsud.co.uk
Events & private hire enquiries: events@lepetitsud.co.uk",3655,7501,0,0,1,Restaurants,info@lepetitsud.co.uk,442075890030,1 Palace Gate,W8 5LS,"London, United Kingdom",,GB,londonrestaurants
4247664139,hankies_cafe,Hankies Roomali and Grill Cafe,,,http://www.hankies.cafe/,Indian street food restaurant serving Indian tapas and specialising in Roomali Roti. A rare gem of a restaurant on Shaftesbury Avenue ğŸ´ğŸ”¥,2097,1010,0,0,1,Restaurants,ishita@ishita.co.uk,442078716021,67 Shaftesbury Avenue,W1D 6EX,"London, United Kingdom",,GB,londonrestaurants
8005451945,caractererestaurant,CaractÃ¨re,,,http://caractererestaurant.com/,Diego Ferrari & Emily Roux,1537,81,0,0,1,Restaurants,contact@caractererestaurant.com,,209 Westbourne Park Road/ 163 Ledbury Road,W11 1EA,"London, United Kingdom",,GB,londonrestaurants
3055385415,bala_baya,Bala Baya,,,https://balabaya.co.uk/,Follow the camel & experience chef @erantibi's poem to Tel Aviv ğŸ’–ğŸªğŸŒ´,9041,3562,0,0,1,Restaurants,bookings@balabaya.co.uk,442080017015,"Arch 25, Old Union Yard Arches, 229 Union Street",SE1 0LR,"London, United Kingdom",,GB,londonrestaurants
4050282180,thecliftonnw8,The Clifton NW8,,,http://www.thecliftonnw8.com/,A hidden gem serving up seasonally inspired food and drink in a lovingly restored local pub. Winner Time Out Love Local 2018!,1026,355,0,0,1,Restaurants,info@thecliftonnw8.com,442076255010,96 Clifton Hill,NW8 0JT,"London, United Kingdom",,GB,londonrestaurants
4208995069,murgerhanhan,Noodles + RouJiaMo from Xiâ€™an,,,https://www.independent.co.uk/life-style/food-and-drink/london-restaurants-12foot-noodles-a8285681.html,"â›©#Londonâ€™s 1st #Xian Restaurant
ğŸœ12ft #HandPulled #Noodles
ğŸ”#RouJiaMo world's OLDEST #burger!
ğŸ’¥Rec. by @foodnetworkuk @timeoutlondon @londonist_com &",3616,2642,0,0,1,Restaurants,info@murgerhan.com,442077340300,8A Sackville Street,W1S 3DF,"London, United Kingdom",,GB,londonrestaurants
1470495782,ishtarlondon,Ishtar Restaurant,reservation@ishtarrestaurant.com,,http://www.ishtarrestaurant.com/,"Modern Turkish Restaurant & Bar
02072242446 reservation@ishtarrestaurant.com",1035,36,0,0,1,Restaurants,reservation@ishtarrestaurant.com,442072242446,10-12 crawford street,W1U 6AZ,"London, United Kingdom",,GB,londonrestaurants
3087216836,belvederew8,The Belvedere in Holland Park,,,http://belvedererestaurant.us15.list-manage.com/subscribe?id=07eb9c3208&u=d34f04df7f836b217c5d310f1,"Beautiful 1920's Art Deco Restaurant in Holland Park. Available for part and exclusive hire. Weddings, Birthdays and Corporate Events.",281,896,0,0,1,Restaurants,manager@belvedererestaurant.co.uk,442076021238,Off Abbotsbury Road,W8 6LU,"London, United Kingdom",,GB,londonrestaurants
1394697805,bobosocial,BOBO Social,,,http://www.bobosocial.com/,Restaurant and cocktail bar,2842,1033,0,0,1,Restaurants,enquiries@bobosocial.com,442076369310,95 Charlotte Street,W1T 4PZ,"London, United Kingdom",,GB,londonrestaurants
8274877949,angelina.dalston,Angelina,,,,"A Nonna and Baba walked into a bar...and opened a restaurant in East London.
Introducing Angelina
Opening early 2019
#angelinadalston",39,0,0,0,1,Restaurants,info@angelina.london,,56 Dalston Lane,E8 3AH,"London, United Kingdom",,GB,londonrestaurants
3647747064,karavaslondon,Karavas Restaurant,,,http://www.karavasrestaurant.co.uk/,"Home of authentic Greek & Mediterranean food
Est 1978 â˜€ğŸŒ´ğŸŒŠ Camden",2214,2831,0,0,1,Restaurants,karavaslondon@gmail.com,442073884121,87-88 Plender Street,NW1 0JN,"London, United Kingdom",,GB,londonrestaurants
221641565,caminolondon,Camino,,,https://camino.uk.com/events/,The home of Spanish tapas in London,6021,982,0,0,1,Restaurants,info@camino.uk.com,442078417330,,,"London, United Kingdom",,GB,londonrestaurants
1524823928,hookcamden,Hook Camden Town,,,http://www.hookrestaurants.com/,Fresh and sustainable creative fish and chips. For bookings call 02074820475,6452,697,0,0,1,Restaurants,cairene@hookrestaurants.com,,Camden,NW17PP,"London, United Kingdom",,GB,londonrestaurants
1504618735,yuhoki,Japanese Sushi Restauarant,,,http://www.yuhoki.co.uk/,"ğŸ¥¢Fresh Authentic Japanese food 
ğŸ£From a 5ğŸŒŸ Hotel Chef 
ğŸ¥¢South Quay Canary Wharf - E14 9FE. 
ğŸœCall 0207 005 0085 for FREE delivery!",1740,1096,0,0,1,Restaurants,info@yuhoki.co.uk,442070050085,"Unit 1, 115 Meridian Place",E14 9FE,"London, United Kingdom",,GB,londonrestaurants
5545171152,wakalondon,Waka London,,,http://www.waka-uk.com/,"ğŸ‡¯ğŸ‡µJAPANESE PERUVIAN KITCHEN ğŸ‡µğŸ‡ª
Freshly Made Nikkei Food to Go
SUSHI - HOT BOWL - BENTO
Mon-Fri: 11am to 4pm
#GOWAKA ğŸ˜‹",604,331,0,0,1,Restaurants,contact@waka-uk.com,,"White City Place, 191 Wood Lane",W12 7FP,"London, United Kingdom",,GB,londonrestaurants
2266755290,casa_malevo,Casa Malevo,,,http://www.casamalevo.com/,Casa Malevo is an Argentinian Restaurant located in the heart Connaught Village.,333,574,0,0,1,Restaurants,info@casamalevo.com,442074021988,23 Connaught Street,W2 2AY,"London, United Kingdom",,GB,londonrestaurants
372173631,bistrotheque,Bistrotheque,,,http://www.bistrotheque.com/,"Restaurant, bar & private dining room open for dinner, weekend & bank holiday brunch, cocktails, wine & #fruitsdemarestreet seafood menu on Thursdays.",7919,353,0,0,1,Restaurants,reception@bistrotheque.com,442089837900,23-27 Wadeson St,E2 9DR,"London, United Kingdom",,GB,londonrestaurants
2948569693,ulilondon,ULI,,,http://ulilondon.com/,"Honest, clean, traditional Asian cooking",660,123,0,0,1,Restaurants,contact@ulilondon.com,442031415878,5 Ladbroke Road,W11,"London, United Kingdom",,GB,londonrestaurants
9032644645,norrisbarlondon,Norrisâ€™s Cafe Bar Restaurant,,,http://www.norrislondon.com/,"Norrisâ€™s offers Italian cuisine daily, providing the perfect location for meetings over coffee, a catch-up with friends or a date with someone special",201,887,0,0,1,Restaurants,pr@norrislondon.com,442079309907,3 Norris Street,Sw1y 4rn,"London, United Kingdom",,GB,londonrestaurants
3261904838,pisqulondon,PISQU,reservations@pisqulondon.com,,http://www.pisqulondon.com/,"Award-winning #Peruvian restaurant in Fitzrovia
Best #Piscosour in London.
reservations@pisqulondon.com",1427,985,0,0,1,Restaurants,reservations@pisqulondon.com,442074366123,23 Rathbone Place,W1T 1HZ,"London, United Kingdom",,GB,londonrestaurants
4621770699,elvet_steakhouse_london,ELVET STEAKHOUSEÂ®,,,http://www.elvetsteakhouse.co.uk/bookings/,The Architect of Premium Argentine Beef & Fine Fish in the Heart of East London. Our Dry Bar Features Non-Alcoholic CocktailsğŸ¸ğŸ¹ #elvetsteakhouse,5097,529,0,0,1,Restaurants,info@elvetsteakhouse.co.uk,442036019692,392 Romford Road,E7 8DF,"London, United Kingdom",,GB,londonrestaurants
2342826081,mora_restaurant,Mora Italian Restaurant,,,http://www.moraitalianrestaurant.co.uk/,"Italian restaurant in Leytonstone, East London. Fresh pasta & Sardinian cuisine. Mon- Thu 5-10pm; Fri 5-10.30pm; Sat 12-10.30pm; Sun 12-9pm",1070,322,0,0,1,Restaurants,info@moraitalianrestaurant.co.uk,442085391731,487 High Road Leytonstone,E11 4PG,"London, United Kingdom",,GB,londonrestaurants
1917788395,maxwellscoventgarden,Maxwell's Covent Garden,,,http://www.maxwells.co.uk/bookings,"An all-American Diner, Bar and Freakshake Parlour serving mouth-watering food to London. Famous since 1972!",7798,50,0,0,1,Restaurants,jorge.santos@maxwells.co.uk,442078360303,34 King Street,WC2E 8JD,"London, United Kingdom",,GB,londonrestaurants
1775409561,macellaiorc,Macellaio RC,,,http://www.macellaiorc.com/,"""Butchery with Tables"" - a new Restaurant Concept from Genova.
Union Street | South Kensington | Exmouth Market | Northcote Rd | Fitzrovia",11673,3407,0,0,1,Restaurants,info@macellaiorc.com,442075895834,,SE1 0LR,"London, United Kingdom",,GB,londonrestaurants
4459480046,thegreatchaserestaurant,The Great Chase,,,http://www.thegreatchase.co.uk/book-a-table/,"A fine eating restaurant like no other. We offer high quality, seasonal, halal food. Our dry bar features non-alcoholic cocktails, rare teas & coffee",7560,211,0,0,1,Restaurants,enquiries@thegreatchase.co.uk,442079980640,316 St John Street,EC1V 4NT,"London, United Kingdom",,GB,londonrestaurants
260545072,indulgedessertlounge,Indulge,,,http://www.indulgepinner.com/,"Late night dessert spot in West London 
Sun to Thurs 2-10pm 
Fri & Sat 2-11pm 
0203 305 5437",813,363,0,0,1,Restaurants,customers@indulgepinner.com,442033055437,209 Marsh Road,HA5 5NE,Pinner,,GB,londonfood
8972532041,dezatolondon,Dezato,,,http://www.dezato.co.uk/,"Our focus is on high quality artisanal gelato, plated desserts and mochi ice cream.
Creative Desserts â€¢ Innovative Flavors 
                ğŸ¦ğŸ¡ğŸ©â˜•ï¸ğŸµğŸ¥",330,340,0,0,1,Restaurants,contact@dezato.co.uk,447383401159,53 Charlotte Street,W1T4PA,"London, United Kingdom",,GB,londonfood
6337281685,chipnationuk,Chip Nation,,,http://www.chipnation.net/,"Dunk, Eat, Repeat ğŸŸğŸ¤¤
The nationâ€™s favourite thing to eat, with over 6,000 mouth-watering all-vegetarian & vegan combinations!",953,231,0,0,1,Restaurants,hello@chipnation.net,442030267150,40 Great Windmill Street,W1D 7LY,"London, United Kingdom",,GB,londonrestaurants
2008499932,pidginlondon,Pidgin,,,http://pidginlondon.com/,"Modern British restaurant with a weekly changing set menu. Each weeks menu posted 3pm on Tuesday 
Hackney. London",18968,283,0,0,1,Restaurants,info@pidginlondon.com,442072548311,52 Wilton Way,E8 1BG,"London, United Kingdom",,GB,londonrestaurants
1533387863,tozirestaurant,TOZI Restaurant & Bar,,,http://bit.ly/GQ-TOZI,Italian Venetian Cicchetti restaurant located in London Victoria. Nominate us for â€˜Best Restaurantâ€™ in the GQ Food & Drink Awards below ğŸ‡®ğŸ‡¹ ğŸ‘‡,1495,1181,0,0,1,Restaurants,reservations@tozirestaurant.co.uk,442077699771,8 Gillingham Street,SW1V 1HJ,"London, United Kingdom",,GB,londonrestaurants
705079442,bomarestaurants,Boma Restaurants,,,http://www.bomas.co.uk/,"Breakfast, lunch, dinner and cocktails. 
Boma - 116 Wandsworth Bridge Rd. 
Boma Green - 271 New Kings Rd.
Boma Bridge - 4-6 Putney High St",6728,229,0,0,1,Restaurants,info@bomas.co.uk,442077365114,116 Wandsworth Bridge Road,SW6 2TF,"London, United Kingdom",,GB,londonrestaurants
2051002974,alineoflebanon,Aline of Lebanon,,,https://www.resdiary.com/restaurant/alineoflebanon,"Monday to Saturday 12-10:30pm
#alineoflebanon",1707,469,0,0,1,Restaurants,info@alineoflebanon.com,442070962119,14 Maddox Street,W1S 1PQ,"London, United Kingdom",,GB,londonrestaurants
2228027287,gianlucascult,"Gianluca's | Fulham, London",,,http://www.gianlucas.co.uk/,"Brunch, lunch, salads and drinks! 
Italian inspired, quality focussed with a pinch of innovation: #gianlucasfeast 
Mon - Sun 8-18",963,127,0,0,1,Restaurants,customer-care@gianlucas.co.uk,442073868688,"17 Jerdan Place, Fulham Broadway",SW6 1BE,"London, United Kingdom",,GB,londonrestaurants
352182887,arancinauk,Arancina Pizzeria,,,http://www.arancina.co.uk/,"THE Original Pizza Alla Pala in the heart of London. 
Find us in Notting Hill and Boxpark Croydon!
#PizzaNeverLies",7484,5196,0,0,1,Restaurants,info@arancina.co.uk,442072217776,19 Pembridge Road,W11 3HG,"London, United Kingdom",,GB,londonfood
5359701117,thebirdsleytonstone,"The Birds, Leytonstone",,,http://thebirds.pub/,"ğŸŒ±Vegan Heavy Menu
ğŸ´Mon/Sat 10-10pm Sun 12-10pm
ğŸºLondon Craft Beer
ğŸ•ºğŸ»Party Fri & DJ Sat 9-1am
ğŸ¤“Quiz Weds
ğŸŒ´Beer Garden
ğŸ¶Dog friendly 
ğŸ’»Hot desking",2908,293,0,0,1,Restaurants,hello@thebirds.pub,442085561131,Leytonstone High Road,E11 3AA,"London, United Kingdom",,GB,londonfood
3582252620,crustbros,Crust Bros,,,http://crustbros.co.uk/,"ğŸ•+ğŸ¸Craft your own PIZZA + cocktails
ğŸ•Waterloo restaurant
ğŸš› #foodtruck about town & @scfoodmarket
ğŸ† National Pizza Awards â€˜18
ğŸ‘‡ğŸ»Reserve a table nowğŸ‘‡ğŸ»",9558,201,0,0,1,Restaurants,joe@crustbros.co.uk,442030343424,"111 waterloo road, se1",SE1,"London, United Kingdom",,GB,londonfood
1536599453,clos_maggiore,Clos Maggiore,,,http://www.closmaggiore.com/,"London's most romantic restaurant. Lunch, Pre Theatre, Dinner and Post Theatre, plus Private Dining Room.",23736,6981,0,0,1,Restaurants,enquiries@closmaggiore.com,442073799696,33 King Street,WC2E 8JD,"London, United Kingdom",,GB,londonfood
1734174476,smokey_tails,Smokey Tails,,,http://bit.ly/STThanksgiving18,"Eats and Beats ğŸ—ğŸ§
Reservations â¬‡ï¸",8624,1004,0,0,1,Restaurants,nicola@electricstarpubs.co.uk,442074584480,359 Bethnal Green Rd,E2 6LG,"London, United Kingdom",,GB,londonfood
1591674554,grandjunctionarmsnw10,Grand Junction Arms,,,http://www.grandjunctionarmsnw10.co.uk/,"CANALSIDE PUB & HOTELğŸº
3 bars / restaurant / beer garden / 5 hotel rooms
Open for breakfast, lunch & dinner!
Live music every Friday evening ğŸ¶",349,48,0,0,1,Restaurants,grandjunctionarms@googlemail.com,442089655670,Acton Lane,NW107AD,"London, United Kingdom",,GB,londonfood
7491165397,cattivobar,Cattivo,,,http://www.cattivobar.com/,@cattivobar | Italian cafe & cocktail club / Live Entertainment / Late Licence | OPENING OCTOBER 2018 on Brixtonâ€™s Ferndale Road! Follow for updates!,613,56,0,0,1,Restaurants,info@cattivobar.com,442030962236,"207 Ferndale Rd, Brixton",SW9 8BE,"London, United Kingdom",,GB,londonfood
285589563,royalstarldn,Royal Star,,,http://www.theroyalstar.co.uk/,"Gastropub with exposed brick and junkstore decor serving homemade pizzas & burgers, fresh cocktails, ice cold beers and innovative global cuisine ğŸ¤ğŸ¹",1881,1942,0,0,1,Restaurants,info@theroyalstar.co.uk,442072537323,220 City Road,EC1V 2PN,"London, United Kingdom",,GB,londonfood
243161317,golarestaurant,G o l a  Restaurant â„¢ï¸,,,http://www.golalondon.com/,Made in Puglia,27458,1316,0,0,1,Restaurants,golafulham@gmail.com,442077510141,787 Fulham Rd,SW6 5HD,"London, United Kingdom",,GB,londonfood
5528734855,minnowclapham,Minnow,,,http://minnowclapham.co.uk/,"Neighbourhood restaurant overlooking Clapham Common offering modern, seasonal dishes, cocktails and coffee.",3220,1003,0,0,1,Restaurants,info@minnowclapham.co.uk,442077204105,21 The Pavement,SW4 0HY,"London, United Kingdom",,GB,londonrestaurants
5657292619,lanonnaldn,La Nonna,,,,"ğŸ‡®ğŸ‡¹ Real Italian Pasta 
@ Flat Iron Square (SE1 1TD) 
â€¢Monday/Friday: 12.00pm - 9.30pm 
â€¢Saturday: 12.30pm - 9.30pm
â€¢Sunday: 12.30pm - 4.30pm",513,315,0,0,1,Restaurants,eduardo@eduldn.com,447534120855,Flat Iron Square,SE1 1DT,"London, United Kingdom",,GB,londonrestaurants
4047721544,parlaye18,Parlay E18,,,http://www.parlaye18.com/,"Parlay E18 - Bar & Grill Restaurant ğŸ”ğŸ—ğŸ¥—ğŸ¸ğŸ·ğŸ‰18 High Rd, South Woodford, London E18 2QL â˜ï¸02082627266",1254,171,0,0,1,Restaurants,info@parlaye18.com,442082627266,"18 High Road, South Woodford",E182QL,"London, United Kingdom",,GB,londonrestaurants
529603480,anniesrestaurant,Annie's Restaurant,,,http://www.anniesrestaurant.co.uk/,Award Winning Brunch 10-12pm ğŸ’› Chiswick & Barnes Restaurant Cocktail Hour Mon - Fri 5-7pm â¤ï¸ #chiswick #barnes #chiswickw4,2667,553,0,0,1,Restaurants,chiswick@anniesrestaurant.co.uk,442089949080,162 Thames Road,W4 3QS,"London, United Kingdom",,GB,londonrestaurants
2903634064,delinenebeckenham,Deli Nene,,,http://www.delinene.com/,"Deli Nene is the ultimate child friendly cafe and bistro in Beckenham. We serve breakfast,lunch & dinner and have a dedicated childrenâ€™s area.",516,1044,0,0,1,Restaurants,info@delinene.com,442084608313,54 High Street,BR3 1AY,"Beckenham, Bromley, United Kingdom",,GB,londonrestaurants
4756077861,frangosuk,Frangos Kingston,,,http://www.frangos.co.uk/,"Tasty fire grilled chicken
Fresh British produce |Homemade sauces | Veggie friendly
Sundaes | Beers & wines
ğŸ“Kingston
Eat In | Take Away | Deliveroo",434,580,0,0,1,Restaurants,info@frangos.co.uk,442085497998,The Rotunda,KT1 1QJ,"Kingston, Kingston Upon Thames, United Kingdom",,GB,londonrestaurants
5773850821,bradysfishwandsworth,Brady's Bar & Restaurant,,,http://www.bradysfish.co.uk/,"Best fish in London, voted by ES magazine and many others. Fantastic fresh fish, homemade puddings and great service. Book now 020 8877 9599",624,721,0,0,1,Restaurants,amelia@bradysfish.co.uk,442088779599,39 Jews Row,SW18 1TB,"London, United Kingdom",,GB,londonrestaurants
531873769,brigitsbakery,Brigitâ€™s Bakery,,,https://b-bakery.com/,"ğŸ° Your favourite Afternoon Tea in London & Bath
ğŸ’• #BrigitsBakery, #BrigitsBusTour, Delivery & Private Hire
ğŸ‰ Gin Lovers & Christmas
Book now:",13348,219,0,0,1,Restaurants,info@b-bakery.com,442030261188,6-7 Chandos Place,WC2N_4HU,"London, United Kingdom",,GB,londonrestaurants
491561127,urbanfoodfest,Urban Food Fest | Shoreditch,,,http://www.urbanfoodfest.com/,"Hire street food trucks, stalls, bars, furniture & much more for Corporate & Private events across the UK â€¢ Street food markets (Shoreditch back 2019)",69775,860,0,0,1,Restaurants,jessica@urbanfoodfest.com,442075633021,"Euro Car Parks, 162 Shoreditch High Street E1 6HU",E1 6HU,"London, United Kingdom",,GB,londonfood
3250378820,sakaguraldn,Sakagura LDN,,,http://www.sakaguralondon.com/,Steak Kitchen & Sake Bar | Celebrating Japanese culture and cuisine in the heart of Mayfair ğŸ¶,4099,2137,0,0,1,Restaurants,reservations@sakaguralondon.com,442034057230,8 Heddon Street,W1B 4BE,"London, United Kingdom",,GB,londonrestaurants
308055297,rockrichmond,Rock And Rose Restaurant,,,http://www.rockandroserestaurant.com/,1 Main Course Set Lunch Â£10 Mon - Fri Join us for Cocktail Hour Monday to Friday 5-7pm! #richmond #richmondeats #kewgardens  @cocktailsinthec,5355,623,0,0,1,Restaurants,talk@rockandroserestaurant.co.uk,442089488008,106-108 Kew Road,Tw9 2PQ,"London, United Kingdom",,GB,londonrestaurants
224271560,bintang_restaurant,BINTANG RESTAURANT,,,http://www.bintangrestaurant.co.uk/,"ğŸ¥˜ Filipino & Pan-Asian Fusion Cuisine
ğŸ–¤ Serving happy customers for over 30 years
ğŸ´Menus subject to change #Halal #BYOB
ğŸ„Taking Christmas Bookings Now",2666,1725,0,0,1,Restaurants,info@bintangrestaurant.co.uk,442072672197,93 Kentish Town Road,NW1 8NY,"London, United Kingdom",,GB,londonrestaurants
41994007,kinstreetfood,KIN,,,http://www.kinstreetfood.com/,"Asian Street Food | Cooked Fresh | Air Conditioned
Noodles ğŸœ | Curries ğŸ› | Beers ğŸº |WineğŸ·| Cocktails ğŸ¹
Reservations Accepted | Delivery Available",482,36,0,0,1,Restaurants,hello@kinstreetfood.com,442074300886,88 Leather Lane,EC1N 7TT,"London, United Kingdom",,GB,londonrestaurants
3069018540,theabingdon,The Abingdon,,,http://www.theabingdon.co.uk/,"Cosy award-winning, family owned Restaurant & Wine Bar in the heart of Kensington.",1683,499,0,0,1,Restaurants,abingdon@btconnect.com,442079373339,54 Abingdon Road,W8 6AW,"London, United Kingdom",,GB,londonrestaurants
1587683350,theworldsendmarket,The World's End Market,"reservations@theworldsendmarket.com
olga@themarketsgroup.com",,http://www.theworldsendmarket.com/,"""The Best Steak in The World"" (c) Steak Revolution (Netflix, 2014) 
ğŸ“© reservations@theworldsendmarket.com
ğŸ’Œ collabs: ğŸ‘‰ olga@themarketsgroup.com",3155,480,0,0,1,Restaurants,reservations@theworldsendmarket.com,442073522150,459 King's Road,SW10 0LR,"London, United Kingdom",,GB,londonrestaurants
6006485028,twisted_london,Twisted London,,,https://linktr.ee/twisted_london,"Delivery-only restaurant from @Twisted! ğŸ” 
Mon - Thu 11.30am til 11pmğŸ‘Œ
Fri & Sat 11.30am til 1amğŸ”¥
Sun 11.30am til 11pm ğŸ˜
Order now ğŸ‘‡",83985,75,0,0,1,Restaurants,hello@twistedlondon.com,,,,"London, United Kingdom",,GB,londonburgers
5941143275,joesburgerhouse,Joe's Burger House,,,http://www.joesburgerhouse.com/,THE BEST BURGERS IN BRIGHTON ğŸ”,4226,1572,0,0,1,Restaurants,info@joesburgerhouse.com,441273321224,20A Church Road,BN3 2FN,Brighton,,GB,londonburger
2251911689,absurdbirduk,Absurd Bird Chicken,,,https://linktr.ee/absurdbirduk,"ğŸ— Bottomless Wing Wednesday
ğŸ¥ Bottomless Brunch Weekends
ğŸ¸ Happy Hour All-Day, Everyday 
ğŸ“ SPITALFIELDS|SOHO|BATH|EXETER|LEEDS|GLASGOW
Book now ğŸ‘‡",35708,2451,0,0,1,Restaurants,enquiries@absurdbird.com,442032460007,54 Commercial Street,E1 6LT,"London, United Kingdom",,GB,londonburger
2359512788,yenburger,Â¥en Burger,,,http://yenburger.co.uk/,Now open! ğŸ¤¤ Brand new Asian-influenced burger restaurant and Bar. 100% fresh made Wagyu or Angus beef burger.,650,163,0,0,1,Restaurants,yenburgerlondon@gmail.com,,1B Southwark St,SE1 1RQ,"London, United Kingdom",,GB,londonburger
2129526313,boombapburger,Boom Bap Burger,,,http://www.BoomBapBurger.com/,"Number 1 #HipHop #Burger #Joint in #Tooting flippin' meats, droppin' beats! on @deliveroo https://deliveroo.co.uk/menu/london/tooting/boom-bap-burger",732,551,0,0,1,Restaurants,hello@boombapburger.com,442086728065,"Unit 2 Tooting Market, 20 Totterdown Street",SW17 8TA,"London, United Kingdom",,GB,londonburger
3230399171,froghoxton,The Frog Hoxton,,,https://www.adamhandling.co.uk/,"Hoxton restaurant by chef @adamhandling #loudmusic #art #cocktails #goodfood  #hoxton ğŸ¸ #adamhandling 
Book here! ğŸ‘‡",12219,183,0,0,1,Restaurants,bookings@thefrogrestaurant.com,442038139832,"45-47 Hoxton Square, London",N1 6PD,"London, United Kingdom",,GB,toplondonrestaurants
458137591,caffeparadiso,CaffÃ¨ Paradiso,,,http://www.caffe-paradiso.co.uk/,"Sicilian & Italian CaffÃ¨ & Deli
-
facebook.com/caffeparadisolondon",43,3,0,0,1,Restaurants,info@caffe-paradiso.co.uk,442073786606,45 Shad Thames,SE1 2NJ,"London, United Kingdom",,GB,londoncafes
7423433423,musicandbeanscamden,Music & Beans Camden,,,http://musicandbeans.co.uk/camden,"Healthy, vegetarian, vegan cafe in Camden Town",724,806,0,0,1,Restaurants,camden@musicandbeans.co.uk,442076935493,82 Camden High street,NW1 0LT,"London, United Kingdom",,GB,londoncafes
4142880799,sanmarinouk,San Marino Brixton,,,http://www.sanmarinobrixton.com/,"Real Italian coffee, freshly cooked pastas, filling panini sandwiches, sweet desserts... All served in the heart of Brixton ğŸ’šâ˜•â¤ Gluten-free options!",3230,2481,0,0,1,Restaurants,sanmarinobrixton@yahoo.com,442079788417,"413 Brixton Rd, Stockwell, London",SW9 7DG,"London, United Kingdom",,GB,londoncafes
650862111,forgeandco,Forge & Co.,frontdesk@forgeandco.co.uk,,http://forgeandco.co.uk/the-modern-grill-lounge-and-bar/christmas-menu-2/,"Social workspace + all day dining, voted No 1 Workspace for Foodies by ES Magazine. 154-158 Shoreditch High St, LDN, E16HU frontdesk@forgeandco.co.uk",2092,556,0,0,1,Restaurants,frontdesk@forgeandco.co.uk,442077290007,154 Shoreditch High Street,E1 6HU,"London, United Kingdom",,GB,londoncafes
4185751966,sunnyhillcafe,Sunny Hill Cafe,,,http://www.sunnyhillcafe.co.uk/,"ğŸ½ Cafe/Restaurant
ğŸ… Mediterranean food
ğŸ¥™ Middle Eastern food
â˜•ï¸ Coffee lovers
ğŸ“Hendon, London
#sunnyhillcafe",7441,784,0,0,1,Restaurants,enquiries@sunnyhillcafe.co.uk,442082032255,"Entrance at 378-376 Watford way, Southbound (BIG YELLOW SIGN) Sunnyhill Park",NW4 4XA,"Hendon, Barnet, United Kingdom",,GB,londoncafes
2244191383,musicandbeans,Music & Beans,,,http://www.musicandbeans.co.uk/,"Music & Coffee shop in the heart of Haringey.
461 Green Lanes N4 1HE
Twitter & Facebook @musicandbeans",1855,1669,0,0,1,Restaurants,info@musicandbeans.co.uk,442083522087,461 Green Lanes,N4 1HE,"London, United Kingdom",,GB,londoncafes
2277599102,bocaempanadas,Boca,,,https://www.bocaempanadas.com/,"ğŸ™Œ #latinbites in Aldgate
ğŸï¸ Deliveroo/uberEATS
ğŸ“… Plus pop-ups all over
30Nov-2Dec @comidafest",602,976,0,0,1,Restaurants,bocaempanadas@gmail.com,442034411300,83 Middlesex Street,,"London, United Kingdom",,GB,londoncafes
5377096769,wigmorelondon,WigmoreLondon,,,http://www.the-wigmore.co.uk/,A Modern British Tavern - #thewigmore,3457,784,0,0,1,Restaurants,info@the-wigmore.co.uk,442079650198,15 Langham Place,W1B 3DE,"London, United Kingdom",,GB,londonbars
2318738166,themagicrbt,The Magic Roundabout,,,http://www.magicroundabout.co/,"Open-air good times joint in the middle of Old Street Roundabout. We are Londonâ€™s most unique party space & we are all about the Eats, Beats & Booze.",2955,711,0,0,1,Restaurants,info@burgerbearuk.com,447494029420,Old Street Roundabout (above the tube station),EC1Y 1BE,"London, United Kingdom",,GB,londonbars
4087791065,disreputebar,Disrepute,,,http://bit.ly/Book-a-Table-Disrepute,"Intimate Soho members' bar & cocktail lounge. A hideaway for luxury libations, high jinks & late night liaisons. Non-members welcome #disrepute",9861,4485,0,0,1,Restaurants,ctc@disrepute.co.uk,442074942505,4 Kingly Court,W1B 5PW,"London, United Kingdom",,GB,londonbars
4922211871,perseverancepub,The Perseverance,,,http://www.theperseverance.co.uk/,"Lambâ€™s Conduit St, Bloomsbury â€¢ Craft beer â€¢ Homemade food â€¢ Awesome Pizzas â€¢ Award winning ales â€¢ Gins galore",224,288,0,0,1,Restaurants,theperseverance@markettaverns.co.uk,442074058278,63 Lambs Conduit Street,WC1N 3NB,"London, United Kingdom",,GB,londonbar
1660491503,barsmithuk,Barsmith,,,http://barsmith.co.uk/,"Award winning cocktail bar in Farringdon specialising in house infused cocktails, pizza & craft beer. 2-4-1 Cocktails Mon - Fri 8-10pm & all day Sat",833,819,0,0,1,Restaurants,hello@barsmith.co.uk,442073366099,18 St Johnâ€™s Street,EC1M 4AY,"London, United Kingdom",,GB,londonbar
5791279229,burgerbubbles,Burger & Bubbles,,,http://www.burgerbubbles.co.uk/,"ğŸ” Craft burgers
ğŸ¥¤ FreakShakes
ğŸ¸ Cocktails 
ğŸ¥‚ Home of the Tipsy Tea Party!",4256,2959,0,0,1,Restaurants,Info@burgerbubbles.co.uk,442086582100,Southend Road,BR3 1SD,"Beckenham, Bromley, United Kingdom",,GB,londonbar
8550204115,twistedbarpopup,Twisted Bar Pop-Up,,,https://www.twistedbarpopup.com/,"ğŸ¹ Twisting your favourite @twistedbar cocktails from 4th Oct to 22nd Dec!
âŒš Happy Hours! 2 cocktails for Â£12 (5-8pm) ğŸ‘Œ
ğŸ“¸ Tag us! #twistedbarpopup",13390,59,0,0,1,Restaurants,laura.hutchinson@junglecreations.com,,54 Commercial Street,E1 6LT,"London, United Kingdom",,GB,londonbar
1924100008,coinlaundryem,Coin Laundry - Exmouth Market,,,http://www.coinlaundry.co.uk/,ğŸ¥© Seasonal British food ğŸº Craft beer ğŸ¥‚ Bottomless brunch ğŸ¥” Sunday roast ğŸ‘‡ Available for hire/group bookings - get in touch:,1719,734,0,0,1,Restaurants,hello@coinlaundry.co.uk,442078339000,70 Exmouth Market,EC1R 4QP,"London, United Kingdom",,GB,londonrestaurants
2204225101,kirurestaurant,KIRU,,,http://www.kirurestaurant.com/,"Contemporary Japanese cuisine, Sushi and Cocktails in the heart of Chelsea, SW3.",3964,2639,0,0,1,Restaurants,info@kirurestaurant.com,442075849999,2 Elystan Street,SW3 3NS,"London, United Kingdom",,GB,dinnerinlondon
1364913861,bierschenke,Bierschenke,,,http://www.bierschenke.co.uk/,"Bierschenke  is London's only authentic Munich Beerhall, where our staff offer an unrivalled selection of German beersğŸ» and German foodğŸ¥¨.",1732,235,0,0,1,Restaurants,servus@bierschenke.co.uk,442071002500,"4 London Wall Buildings, Blomfield Street",EC2M 5NT,"London, United Kingdom",,GB,londondinner
2243036726,cambiodeterciogroup,Cambio de Tercio Group,,,http://www.cambiodetercio.co.uk/,"â€¢ CAMBIO DE TERCIO-Restaurant 
â€¢ TENDIDO CERO -Tapas Bar
â€¢ CAPOTE Y TOROS -Tapas & Sherry
â€¢ TENDIDO CUATRO -Tapas & Paellas
â€¢ C TONIC -Gin & Tonic Bar",2056,1668,0,0,1,Restaurants,cambiodeterciogroup@btconnect.com,,163 Old Brompton Road,SW5 0LJ,"London, United Kingdom",,GB,londondinner
8174392476,kaki_london,æŸ¿å­é…’é¦† KAKI bar & restaurant,,,http://www.kakilondon.com/,"â˜ï¸ - 02072780004
wechat/å¾®ä¿¡ï¼šä¼¦æ•¦æŸ¿å­
facebook: kaki london
Mon - Sat
L: 12 noon - 2.30pm
D: 5pm - 11pm
Sun
L: 12 noon - 3pm
D: 5pm - 10.30pm",904,24,0,0,1,Restaurants,info@kakilondon.com,442072780004,"125 Caledonian Road,N1 9RG",N19RG,"London, United Kingdom",,GB,tastelondon
3614914127,thekeyto.food,K2LONDON,,,https://www.keytofood.co.uk/,"Healthy food delivered straight to your desk
ğŸ¥¦Macro Calculated to meet your goals
ğŸ—ï¸New kitchen Opening - Lambeth North!",1630,1369,0,0,1,Restaurants,eat@thekeytofood.com,447919939555,Hercules Road,,"London, United Kingdom",,GB,londoneats
1759038025,tuckinn,Tuck Inn,,,,"West-Indian meets Dalston. A home away from home. 
Come and enjoy our delicious food or treat yourself to a punchy cocktail.",2905,3624,0,0,1,Restaurants,tuckinn@gmail.com,447847421229,13 Bradbury Street,N16 8JN,"London, United Kingdom",,GB,londoneats
6982283614,humblecrumblelondon,Crumble Bar,,,https://goo.gl/forms/86HBKiR6FTdYiGsM2,"Gourmet alcoholic crumbles
ğŸ“Maltby Market 17th, 18th, 30th Nov & Fridays in Dec
ğŸŒ79% less CO2 
â¬‡ï¸food waste
ğŸ10p to Bumblebees 
Crumble for xmas â¬‡ï¸",718,242,0,0,1,Restaurants,humblecrumblelondon@gmail.com,,Maltby Street,SE1 3PA,"London, United Kingdom",,GB,tastelondon
3165744692,jaliscobrixton,Jalisco Brixton,,,http://www.jaliscobrixton.com/,"Family run restaurant & bar in the heart of Brixton, serving warm & hearty Latin American dishes, micheladas & margaritas! Event space for hire",1808,1011,0,0,1,Restaurants,hola@jaliscobrixton.com,442073261690,"Unit 1, Brixton Village, 48-49 Coldharbour Lane",SW9 8PR,"London, United Kingdom",,GB,tastelondon
6772126618,hankiesmarblearch,Hankies Marble Arch,,,http://www.hankies.restaurant/,We're a casual Indian streetfood restaurant specialising in Indian Tapas & paper thin Roomali Roti. Just a few steps from Marble Arch station!,1848,441,0,0,1,Restaurants,hankiesmarblearch@gmail.com,442079583222,"61 Upper Berkeley Street,",W1H 7pp,"London, United Kingdom",,GB,tastelondon
23778378,poncho8,Poncho 8,,,http://www.poncho8.com/,"Voted best burrito spot in London by avid burrito lovers, Poncho 8 offers freshly prepared and flavoursome Mexican classics. #MexicanMadeFresh",626,248,0,0,1,Restaurants,hello@poncho8.com,442072480917,,,"London, United Kingdom",,GB,tastelondon
1917871602,unicogelato,Unico Gelato & Caffe,,,https://www.eventbrite.co.uk/e/be-a-gelato-chef-for-a-day-tickets-52307532237,"Authentic ğŸ‡®ğŸ‡¹ Italian Gelato in ğŸ‡¬ğŸ‡§ London 
From Bologna 
ğŸ“|Bromley |Notting Hill|St Johnâ€™s Wood|Fulham|Milan|
Want to be a Real Gelato ğŸ¦Chef..go hereğŸ‘‡ğŸ¼",5884,3841,0,0,1,Restaurants,info@unicodeliacies.co.uk,447557383523,37 Pembridge Road,W113HG,"London, United Kingdom",,GB,tastelondon
3054787706,hsandco,HS&Co.,reservations@hsandco.co.uk,,http://hsandco.co.uk/reservations/,"HS&Co. Steakhouse, Stratford (London) 
ğŸ¥© Steaks cooked on Josper Grill. 
ğŸ¹ Non-alcoholic drinks. 
Ø­Ù„Ø§Ù„
ğŸ“§ reservations@hsandco.co.uk",4414,5802,0,0,1,Restaurants,reservations@hsandco.co.uk,442085553332,405 High Street,E15 4QZ,"London, United Kingdom",,GB,londoneats
2708096678,tarshishlondon,Tarshish,,,http://www.tarshish.co.uk/,"Mediterranean Grill/Al-Fresco Dining & Rooftop Bar 
Winners of the Fine Dining Restaurant Award 2018",21700,541,0,0,1,Restaurants,info@tarshish.co.uk,442088816479,16-20 High Road Woodgreen,N22 6BX,"London, United Kingdom",,GB,londoneats
